<?xml version="1.0" encoding="UTF-8"?>
<project-private xmlns="http://www.netbeans.org/ns/project-private/1">
    <editor-bookmarks xmlns="http://www.netbeans.org/ns/editor-bookmarks/2" lastBookmarkId="0"/>
    <open-files xmlns="http://www.netbeans.org/ns/projectui-open-files/2">
        <group>
            <file>file:/C:/Users/c165691.FT/Desktop/Partidosfinal/Partidos/src/br/unicamp/ft/partidos/modelo/ListaFiliados.java</file>
            <file>file:/C:/Users/c165691.FT/Desktop/Partidosfinal/Partidos/src/br/unicamp/ft/partidos/modelo/Filiado.java</file>
            <file>file:/C:/Users/c165691.FT/Desktop/Partidosfinal/Partidos/src/br/unicamp/ft/partidos/ui/FiliadosTableModel.java</file>
            <file>file:/C:/Users/c165691.FT/Desktop/Partidosfinal/Partidos/src/br/unicamp/ft/partidos/dados/FiliadosDados.java</file>
            <file>file:/C:/Users/c165691.FT/Desktop/Partidosfinal/Partidos/src/br/unicamp/ft/partidos/ui/InterfaceFiliados.java</file>
        </group>
    </open-files>
</project-private>
